"device","dataset","camera_path","camera_step","viewport","ssim","quad_tess","img quad_tess","geo_quad","img geo_quad","stpa","img stpa","quad_inst","img quad_inst","poly_tess","img poly_tess"
"NVIDIA GeForce GTX 1080 Ti","liquid formation","path_siny","0","1024 1024","0.9939","540.5814","2020-01-09T14-38-34-494.png","531.9545","2020-01-09T14-38-34-549.png","533.2452","2020-01-09T15-40-59-933.png","612.8878","2020-01-09T14-51-18-032.png","273.1643","2020-01-09T14-51-18-228.png"
"NVIDIA Quadro M6000 24GB","liquid formation","path_siny","0","1024 1024","0.9939","324.8420","2020-01-09T14-38-34-494.png","318.9121","2020-01-09T14-38-34-549.png","318.8308","2020-01-09T15-40-59-933.png","223.9727","2020-01-09T14-51-18-032.png","120.6955","2020-01-09T14-51-18-228.png"
"NVIDIA TITAN X (Pascal)","liquid formation","path_siny","0","1024 1024","0.9939","487.0707","2020-01-09T14-38-34-494.png","488.4339","2020-01-09T14-38-34-549.png","487.8168","2020-01-09T15-40-59-933.png","562.5499","2020-01-09T14-51-18-032.png","229.9982","2020-01-09T14-51-18-228.png"
"NVIDIA TITAN Xp","liquid formation","path_siny","0","1024 1024","0.9939","510.6209","2020-01-09T14-38-34-494.png","489.9967","2020-01-09T14-38-34-549.png","494.4865","2020-01-09T15-40-59-933.png","553.3177","2020-01-09T14-51-18-032.png","263.3741","2020-01-09T14-51-18-228.png"
"Radeon (TM) RX 480 Graphics","liquid formation","path_siny","0","1024 1024","0.9939","83.8596","2020-01-09T14-38-34-494.png","45.4120","2020-01-09T14-38-34-549.png","45.1930","2020-01-09T15-40-59-933.png","42.6916","2020-01-09T14-51-18-032.png","17.1041","2020-01-09T14-51-18-228.png"
"Radeon Vega Frontier Edition","liquid formation","path_siny","0","1024 1024","0.9939","307.2300","2020-01-09T14-38-34-494.png","281.7195","2020-01-09T14-38-34-549.png","288.7453","2020-01-09T15-40-59-933.png","387.4858","2020-01-09T14-51-18-032.png","77.3102","2020-01-09T14-51-18-228.png"
"NVIDIA GeForce GTX 1080 Ti","liquid formation","path_siny","0","2048 2048","0.9939","422.5721","2020-01-09T14-38-34-494.png","419.5757","2020-01-09T14-38-34-549.png","419.2151","2020-01-09T15-40-59-933.png","560.6230","2020-01-09T14-51-18-032.png","251.9876","2020-01-09T14-51-18-228.png"
"NVIDIA Quadro M6000 24GB","liquid formation","path_siny","0","2048 2048","0.9939","262.6492","2020-01-09T14-38-34-494.png","268.4903","2020-01-09T14-38-34-549.png","268.6114","2020-01-09T15-40-59-933.png","223.9461","2020-01-09T14-51-18-032.png","122.2088","2020-01-09T14-51-18-228.png"
"NVIDIA TITAN X (Pascal)","liquid formation","path_siny","0","2048 2048","0.9939","389.4597","2020-01-09T14-38-34-494.png","385.9335","2020-01-09T14-38-34-549.png","386.7619","2020-01-09T15-40-59-933.png","512.8994","2020-01-09T14-51-18-032.png","212.4631","2020-01-09T14-51-18-228.png"
"NVIDIA TITAN Xp","liquid formation","path_siny","0","2048 2048","0.9939","423.2159","2020-01-09T14-38-34-494.png","391.4109","2020-01-09T14-38-34-549.png","390.0065","2020-01-09T15-40-59-933.png","533.6464","2020-01-09T14-51-18-032.png","243.2350","2020-01-09T14-51-18-228.png"
"Radeon (TM) RX 480 Graphics","liquid formation","path_siny","0","2048 2048","0.9939","58.7544","2020-01-09T14-38-34-494.png","28.5558","2020-01-09T14-38-34-549.png","28.3867","2020-01-09T15-40-59-933.png","42.5699","2020-01-09T14-51-18-032.png","17.0915","2020-01-09T14-51-18-228.png"
"Radeon Vega Frontier Edition","liquid formation","path_siny","0","2048 2048","0.9939","296.9386","2020-01-09T14-38-34-494.png","126.5704","2020-01-09T14-38-34-549.png","125.8425","2020-01-09T15-40-59-933.png","315.5161","2020-01-09T14-51-18-032.png","77.2642","2020-01-09T14-51-18-228.png"
"NVIDIA GeForce GTX 1080 Ti","liquid formation","path_siny","0","512 512","0.9939","786.9864","2020-01-09T14-38-34-494.png","865.0519","2020-01-09T14-38-34-549.png","865.0669","2020-01-09T15-40-59-933.png","615.3505","2020-01-09T14-51-18-032.png","297.4632","2020-01-09T14-51-18-228.png"
"NVIDIA Quadro M6000 24GB","liquid formation","path_siny","0","512 512","0.9939","416.5608","2020-01-09T14-38-34-494.png","502.7399","2020-01-09T14-38-34-549.png","501.2104","2020-01-09T15-40-59-933.png","224.0053","2020-01-09T14-51-18-032.png","138.3061","2020-01-09T14-51-18-228.png"
"NVIDIA TITAN X (Pascal)","liquid formation","path_siny","0","512 512","0.9939","703.1409","2020-01-09T14-38-34-494.png","790.1391","2020-01-09T14-38-34-549.png","791.1079","2020-01-09T15-40-59-933.png","562.5373","2020-01-09T14-51-18-032.png","270.5921","2020-01-09T14-51-18-228.png"
"NVIDIA TITAN Xp","liquid formation","path_siny","0","512 512","0.9939","729.3201","2020-01-09T14-38-34-494.png","808.4140","2020-01-09T14-38-34-549.png","810.7604","2020-01-09T15-40-59-933.png","555.0529","2020-01-09T14-51-18-032.png","261.3224","2020-01-09T14-51-18-228.png"
"Radeon (TM) RX 480 Graphics","liquid formation","path_siny","0","512 512","0.9939","85.2580","2020-01-09T14-38-34-494.png","71.4469","2020-01-09T14-38-34-549.png","71.1749","2020-01-09T15-40-59-933.png","42.7077","2020-01-09T14-51-18-032.png","17.1095","2020-01-09T14-51-18-228.png"
"Radeon Vega Frontier Edition","liquid formation","path_siny","0","512 512","0.9939","306.8115","2020-01-09T14-38-34-494.png","410.1840","2020-01-09T14-38-34-549.png","411.4227","2020-01-09T15-40-59-933.png","410.3473","2020-01-09T14-51-18-032.png","77.3587","2020-01-09T14-51-18-228.png"
"NVIDIA GeForce GTX 1080 Ti","liquid formation","path_siny","9","1024 1024","0.9928","475.1452","2020-01-09T14-38-43-579.png","480.8686","2020-01-09T14-38-43-625.png","480.9496","2020-01-09T15-41-04-628.png","612.2649","2020-01-09T14-51-40-266.png","256.4168","2020-01-09T14-51-40-467.png"
"NVIDIA Quadro M6000 24GB","liquid formation","path_siny","9","1024 1024","0.9928","298.2386","2020-01-09T14-38-43-579.png","299.2525","2020-01-09T14-38-43-625.png","299.3053","2020-01-09T15-41-04-628.png","223.9687","2020-01-09T14-51-40-266.png","129.6543","2020-01-09T14-51-40-467.png"
"NVIDIA TITAN X (Pascal)","liquid formation","path_siny","9","1024 1024","0.9928","432.9754","2020-01-09T14-38-43-579.png","443.7935","2020-01-09T14-38-43-625.png","442.3957","2020-01-09T15-41-04-628.png","561.5769","2020-01-09T14-51-40-266.png","241.9936","2020-01-09T14-51-40-467.png"
"NVIDIA TITAN Xp","liquid formation","path_siny","9","1024 1024","0.9928","457.8356","2020-01-09T14-38-43-579.png","451.3980","2020-01-09T14-38-43-625.png","454.4257","2020-01-09T15-41-04-628.png","552.6724","2020-01-09T14-51-40-266.png","256.7618","2020-01-09T14-51-40-467.png"
"Radeon (TM) RX 480 Graphics","liquid formation","path_siny","9","1024 1024","0.9928","78.6176","2020-01-09T14-38-43-579.png","39.4225","2020-01-09T14-38-43-625.png","39.5360","2020-01-09T15-41-04-628.png","42.6843","2020-01-09T14-51-40-266.png","17.1037","2020-01-09T14-51-40-467.png"
"Radeon Vega Frontier Edition","liquid formation","path_siny","9","1024 1024","0.9928","305.3398","2020-01-09T14-38-43-579.png","218.3478","2020-01-09T14-38-43-625.png","217.5034","2020-01-09T15-41-04-628.png","367.2771","2020-01-09T14-51-40-266.png","77.3013","2020-01-09T14-51-40-467.png"
"NVIDIA GeForce GTX 1080 Ti","liquid formation","path_siny","9","2048 2048","0.9928","418.6150","2020-01-09T14-38-43-579.png","401.4645","2020-01-09T14-38-43-625.png","401.1344","2020-01-09T15-41-04-628.png","510.9053","2020-01-09T14-51-40-266.png","245.7129","2020-01-09T14-51-40-467.png"
"NVIDIA Quadro M6000 24GB","liquid formation","path_siny","9","2048 2048","0.9928","239.7300","2020-01-09T14-38-43-579.png","251.0204","2020-01-09T14-38-43-625.png","250.6580","2020-01-09T15-41-04-628.png","223.8659","2020-01-09T14-51-40-266.png","121.1248","2020-01-09T14-51-40-467.png"
"NVIDIA TITAN X (Pascal)","liquid formation","path_siny","9","2048 2048","0.9928","387.3117","2020-01-09T14-38-43-579.png","370.4733","2020-01-09T14-38-43-625.png","369.4904","2020-01-09T15-41-04-628.png","466.7074","2020-01-09T14-51-40-266.png","223.2661","2020-01-09T14-51-40-467.png"
"NVIDIA TITAN Xp","liquid formation","path_siny","9","2048 2048","0.9928","417.3431","2020-01-09T14-38-43-579.png","374.0191","2020-01-09T14-38-43-625.png","372.6629","2020-01-09T15-41-04-628.png","490.1192","2020-01-09T14-51-40-266.png","236.6561","2020-01-09T14-51-40-467.png"
"Radeon (TM) RX 480 Graphics","liquid formation","path_siny","9","2048 2048","0.9928","49.0042","2020-01-09T14-38-43-579.png","22.6802","2020-01-09T14-38-43-625.png","22.5708","2020-01-09T15-41-04-628.png","42.2510","2020-01-09T14-51-40-266.png","17.0859","2020-01-09T14-51-40-467.png"
"Radeon Vega Frontier Edition","liquid formation","path_siny","9","2048 2048","0.9928","284.6303","2020-01-09T14-38-43-579.png","98.0459","2020-01-09T14-38-43-625.png","98.1769","2020-01-09T15-41-04-628.png","295.6769","2020-01-09T14-51-40-266.png","77.1444","2020-01-09T14-51-40-467.png"
"NVIDIA GeForce GTX 1080 Ti","liquid formation","path_siny","9","512 512","0.9928","700.3292","2020-01-09T14-38-43-579.png","722.0529","2020-01-09T14-38-43-625.png","722.3502","2020-01-09T15-41-04-628.png","614.5753","2020-01-09T14-51-40-266.png","290.3415","2020-01-09T14-51-40-467.png"
"NVIDIA Quadro M6000 24GB","liquid formation","path_siny","9","512 512","0.9928","385.9141","2020-01-09T14-38-43-579.png","456.2044","2020-01-09T14-38-43-625.png","457.0509","2020-01-09T15-41-04-628.png","223.9933","2020-01-09T14-51-40-266.png","146.4792","2020-01-09T14-51-40-467.png"
"NVIDIA TITAN X (Pascal)","liquid formation","path_siny","9","512 512","0.9928","622.8201","2020-01-09T14-38-43-579.png","661.1920","2020-01-09T14-38-43-625.png","662.9893","2020-01-09T15-41-04-628.png","562.7399","2020-01-09T14-51-40-266.png","264.0829","2020-01-09T14-51-40-467.png"
"NVIDIA TITAN Xp","liquid formation","path_siny","9","512 512","0.9928","656.9525","2020-01-09T14-38-43-579.png","677.4609","2020-01-09T14-38-43-625.png","679.8189","2020-01-09T15-41-04-628.png","554.2346","2020-01-09T14-51-40-266.png","279.9779","2020-01-09T14-51-40-467.png"
"Radeon (TM) RX 480 Graphics","liquid formation","path_siny","9","512 512","0.9928","85.2595","2020-01-09T14-38-43-579.png","64.7643","2020-01-09T14-38-43-625.png","64.2901","2020-01-09T15-41-04-628.png","42.7274","2020-01-09T14-51-40-266.png","17.1094","2020-01-09T14-51-40-467.png"
"Radeon Vega Frontier Edition","liquid formation","path_siny","9","512 512","0.9928","307.8050","2020-01-09T14-38-43-579.png","392.8409","2020-01-09T14-38-43-625.png","393.5056","2020-01-09T15-41-04-628.png","410.9595","2020-01-09T14-51-40-266.png","77.3880","2020-01-09T14-51-40-467.png"
"NVIDIA GeForce GTX 1080 Ti","liquid formation","path_siny","19","1024 1024","0.9909","439.9511","2020-01-09T14-38-52-903.png","445.8176","2020-01-09T14-38-52-976.png","435.3846","2020-01-09T15-41-09-375.png","596.0328","2020-01-09T14-52-02-978.png","258.3158","2020-01-09T14-52-03-194.png"
"NVIDIA Quadro M6000 24GB","liquid formation","path_siny","19","1024 1024","0.9909","276.3553","2020-01-09T14-38-52-903.png","279.0638","2020-01-09T14-38-52-976.png","272.8185","2020-01-09T15-41-09-375.png","223.9406","2020-01-09T14-52-02-978.png","125.9657","2020-01-09T14-52-03-194.png"
"NVIDIA TITAN X (Pascal)","liquid formation","path_siny","19","1024 1024","0.9909","406.7339","2020-01-09T14-38-52-903.png","409.0348","2020-01-09T14-38-52-976.png","401.2326","2020-01-09T15-41-09-375.png","549.4415","2020-01-09T14-52-02-978.png","217.2109","2020-01-09T14-52-03-194.png"
"NVIDIA TITAN Xp","liquid formation","path_siny","19","1024 1024","0.9909","434.1276","2020-01-09T14-38-52-903.png","417.1568","2020-01-09T14-38-52-976.png","409.9789","2020-01-09T15-41-09-375.png","550.8064","2020-01-09T14-52-02-978.png","248.6158","2020-01-09T14-52-03-194.png"
"Radeon (TM) RX 480 Graphics","liquid formation","path_siny","19","1024 1024","0.9909","63.7865","2020-01-09T14-38-52-903.png","31.2854","2020-01-09T14-38-52-976.png","30.5939","2020-01-09T15-41-09-375.png","42.6332","2020-01-09T14-52-02-978.png","17.0975","2020-01-09T14-52-03-194.png"
"Radeon Vega Frontier Edition","liquid formation","path_siny","19","1024 1024","0.9909","296.6188","2020-01-09T14-38-52-903.png","142.9419","2020-01-09T14-38-52-976.png","140.6383","2020-01-09T15-41-09-375.png","336.2226","2020-01-09T14-52-02-978.png","77.2159","2020-01-09T14-52-03-194.png"
"NVIDIA GeForce GTX 1080 Ti","liquid formation","path_siny","19","2048 2048","0.9909","314.3735","2020-01-09T14-38-52-903.png","310.0198","2020-01-09T14-38-52-976.png","288.0832","2020-01-09T15-41-09-375.png","352.4229","2020-01-09T14-52-02-978.png","210.9229","2020-01-09T14-52-03-194.png"
"NVIDIA Quadro M6000 24GB","liquid formation","path_siny","19","2048 2048","0.9909","166.6295","2020-01-09T14-38-52-903.png","176.0346","2020-01-09T14-38-52-976.png","165.1697","2020-01-09T15-41-09-375.png","179.4945","2020-01-09T14-52-02-978.png","107.4474","2020-01-09T14-52-03-194.png"
"NVIDIA TITAN X (Pascal)","liquid formation","path_siny","19","2048 2048","0.9909","287.7375","2020-01-09T14-38-52-903.png","283.1874","2020-01-09T14-38-52-976.png","263.1205","2020-01-09T15-41-09-375.png","322.2459","2020-01-09T14-52-02-978.png","191.2580","2020-01-09T14-52-03-194.png"
"NVIDIA TITAN Xp","liquid formation","path_siny","19","2048 2048","0.9909","309.1888","2020-01-09T14-38-52-903.png","294.5005","2020-01-09T14-38-52-976.png","275.6484","2020-01-09T15-41-09-375.png","341.6351","2020-01-09T14-52-02-978.png","202.7148","2020-01-09T14-52-03-194.png"
"Radeon (TM) RX 480 Graphics","liquid formation","path_siny","19","2048 2048","0.9909","33.0917","2020-01-09T14-38-52-903.png","14.3698","2020-01-09T14-38-52-976.png","13.9911","2020-01-09T15-41-09-375.png","32.1594","2020-01-09T14-52-02-978.png","16.6620","2020-01-09T14-52-03-194.png"
"Radeon Vega Frontier Edition","liquid formation","path_siny","19","2048 2048","0.9909","218.1253","2020-01-09T14-38-52-903.png","63.3060","2020-01-09T14-38-52-976.png","61.7265","2020-01-09T15-41-09-375.png","227.5178","2020-01-09T14-52-02-978.png","76.6131","2020-01-09T14-52-03-194.png"
"NVIDIA GeForce GTX 1080 Ti","liquid formation","path_siny","19","512 512","0.9909","610.9258","2020-01-09T14-38-52-903.png","604.8985","2020-01-09T14-38-52-976.png","600.6078","2020-01-09T15-41-09-375.png","614.1903","2020-01-09T14-52-02-978.png","279.1386","2020-01-09T14-52-03-194.png"
"NVIDIA Quadro M6000 24GB","liquid formation","path_siny","19","512 512","0.9909","350.8612","2020-01-09T14-38-52-903.png","381.2022","2020-01-09T14-38-52-976.png","378.2992","2020-01-09T15-41-09-375.png","223.9862","2020-01-09T14-52-02-978.png","138.2678","2020-01-09T14-52-03-194.png"
"NVIDIA TITAN X (Pascal)","liquid formation","path_siny","19","512 512","0.9909","540.7832","2020-01-09T14-38-52-903.png","556.1395","2020-01-09T14-38-52-976.png","552.3580","2020-01-09T15-41-09-375.png","562.5404","2020-01-09T14-52-02-978.png","253.7195","2020-01-09T14-52-03-194.png"
"NVIDIA TITAN Xp","liquid formation","path_siny","19","512 512","0.9909","574.4815","2020-01-09T14-38-52-903.png","558.3535","2020-01-09T14-38-52-976.png","557.3981","2020-01-09T15-41-09-375.png","552.9811","2020-01-09T14-52-02-978.png","268.4398","2020-01-09T14-52-03-194.png"
"Radeon (TM) RX 480 Graphics","liquid formation","path_siny","19","512 512","0.9909","83.1124","2020-01-09T14-38-52-903.png","49.6421","2020-01-09T14-38-52-976.png","49.1253","2020-01-09T15-41-09-375.png","42.7044","2020-01-09T14-52-02-978.png","17.1088","2020-01-09T14-52-03-194.png"
"Radeon Vega Frontier Edition","liquid formation","path_siny","19","512 512","0.9909","307.6573","2020-01-09T14-38-52-903.png","284.9660","2020-01-09T14-38-52-976.png","281.1152","2020-01-09T15-41-09-375.png","393.7240","2020-01-09T14-52-02-978.png","77.3473","2020-01-09T14-52-03-194.png"
"NVIDIA GeForce GTX 1080 Ti","liquid formation","path_siny","29","1024 1024","0.9919","327.1705","2020-01-09T14-39-02-694.png","326.2941","2020-01-09T14-39-02-774.png","296.6532","2020-01-09T15-41-14-545.png","375.3162","2020-01-09T14-52-27-168.png","217.4253","2020-01-09T14-52-27-433.png"
"NVIDIA Quadro M6000 24GB","liquid formation","path_siny","29","1024 1024","0.9919","177.8973","2020-01-09T14-39-02-694.png","188.6985","2020-01-09T14-39-02-774.png","172.9496","2020-01-09T15-41-14-545.png","184.5338","2020-01-09T14-52-27-168.png","110.3889","2020-01-09T14-52-27-433.png"
"NVIDIA TITAN X (Pascal)","liquid formation","path_siny","29","1024 1024","0.9919","300.4835","2020-01-09T14-39-02-694.png","298.9197","2020-01-09T14-39-02-774.png","272.2526","2020-01-09T15-41-14-545.png","344.9537","2020-01-09T14-52-27-168.png","183.5138","2020-01-09T14-52-27-433.png"
"NVIDIA TITAN Xp","liquid formation","path_siny","29","1024 1024","0.9919","317.2720","2020-01-09T14-39-02-694.png","309.9756","2020-01-09T14-39-02-774.png","279.7375","2020-01-09T15-41-14-545.png","363.5068","2020-01-09T14-52-27-168.png","208.6907","2020-01-09T14-52-27-433.png"
"Radeon (TM) RX 480 Graphics","liquid formation","path_siny","29","1024 1024","0.9919","36.4092","2020-01-09T14-39-02-694.png","16.2847","2020-01-09T14-39-02-774.png","15.5933","2020-01-09T15-41-14-545.png","32.4543","2020-01-09T14-52-27-168.png","16.6676","2020-01-09T14-52-27-433.png"
"Radeon Vega Frontier Edition","liquid formation","path_siny","29","1024 1024","0.9919","218.4995","2020-01-09T14-39-02-694.png","75.2049","2020-01-09T14-39-02-774.png","71.9342","2020-01-09T15-41-14-545.png","229.9437","2020-01-09T14-52-27-168.png","76.5041","2020-01-09T14-52-27-433.png"
"NVIDIA GeForce GTX 1080 Ti","liquid formation","path_siny","29","2048 2048","0.9919","140.2912","2020-01-09T14-39-02-694.png","139.2901","2020-01-09T14-39-02-774.png","118.0745","2020-01-09T15-41-14-545.png","145.4734","2020-01-09T14-52-27-168.png","118.0207","2020-01-09T14-52-27-433.png"
"NVIDIA Quadro M6000 24GB","liquid formation","path_siny","29","2048 2048","0.9919","73.1877","2020-01-09T14-39-02-694.png","74.7719","2020-01-09T14-39-02-774.png","65.3881","2020-01-09T15-41-14-545.png","76.4140","2020-01-09T14-52-27-168.png","60.2214","2020-01-09T14-52-27-433.png"
"NVIDIA TITAN X (Pascal)","liquid formation","path_siny","29","2048 2048","0.9919","127.9514","2020-01-09T14-39-02-694.png","126.8512","2020-01-09T14-39-02-774.png","107.5635","2020-01-09T15-41-14-545.png","132.2825","2020-01-09T14-52-27-168.png","107.1909","2020-01-09T14-52-27-433.png"
"NVIDIA TITAN Xp","liquid formation","path_siny","29","2048 2048","0.9919","136.2784","2020-01-09T14-39-02-694.png","135.3444","2020-01-09T14-39-02-774.png","114.1987","2020-01-09T15-41-14-545.png","140.2525","2020-01-09T14-52-27-168.png","114.2112","2020-01-09T14-52-27-433.png"
"Radeon (TM) RX 480 Graphics","liquid formation","path_siny","29","2048 2048","0.9919","14.2878","2020-01-09T14-39-02-694.png","6.3343","2020-01-09T14-39-02-774.png","5.9464","2020-01-09T15-41-14-545.png","14.5039","2020-01-09T14-52-27-168.png","10.5643","2020-01-09T14-52-27-433.png"
"Radeon Vega Frontier Edition","liquid formation","path_siny","29","2048 2048","0.9919","99.2447","2020-01-09T14-39-02-694.png","28.6540","2020-01-09T14-39-02-774.png","26.7673","2020-01-09T15-41-14-545.png","100.3516","2020-01-09T14-52-27-168.png","60.8565","2020-01-09T14-52-27-433.png"
"NVIDIA GeForce GTX 1080 Ti","liquid formation","path_siny","29","512 512","0.9919","562.0504","2020-01-09T14-39-02-694.png","569.5896","2020-01-09T14-39-02-774.png","552.1994","2020-01-09T15-41-14-545.png","614.2393","2020-01-09T14-52-27-168.png","270.6345","2020-01-09T14-52-27-433.png"
"NVIDIA Quadro M6000 24GB","liquid formation","path_siny","29","512 512","0.9919","326.2877","2020-01-09T14-39-02-694.png","346.1417","2020-01-09T14-39-02-774.png","334.7415","2020-01-09T15-41-14-545.png","223.9501","2020-01-09T14-52-27-168.png","135.6022","2020-01-09T14-52-27-433.png"
"NVIDIA TITAN X (Pascal)","liquid formation","path_siny","29","512 512","0.9919","498.1221","2020-01-09T14-39-02-694.png","523.2151","2020-01-09T14-39-02-774.png","507.3103","2020-01-09T15-41-14-545.png","560.7959","2020-01-09T14-52-27-168.png","226.2147","2020-01-09T14-52-27-433.png"
"NVIDIA TITAN Xp","liquid formation","path_siny","29","512 512","0.9919","528.3346","2020-01-09T14-39-02-694.png","523.6342","2020-01-09T14-39-02-774.png","507.9649","2020-01-09T15-41-14-545.png","548.6366","2020-01-09T14-52-27-168.png","260.4180","2020-01-09T14-52-27-433.png"
"Radeon (TM) RX 480 Graphics","liquid formation","path_siny","29","512 512","0.9919","69.1807","2020-01-09T14-39-02-694.png","35.6412","2020-01-09T14-39-02-774.png","34.7392","2020-01-09T15-41-14-545.png","42.6668","2020-01-09T14-52-27-168.png","17.0993","2020-01-09T14-52-27-433.png"
"Radeon Vega Frontier Edition","liquid formation","path_siny","29","512 512","0.9919","297.4225","2020-01-09T14-39-02-694.png","169.3130","2020-01-09T14-39-02-774.png","165.8620","2020-01-09T15-41-14-545.png","363.1662","2020-01-09T14-52-27-168.png","77.2989","2020-01-09T14-52-27-433.png"
"NVIDIA GeForce GTX 1080 Ti","liquid formation","path_siny","39","1024 1024","0.9887","493.3618","2020-01-09T14-39-12-895.png","466.1396","2020-01-09T14-39-12-984.png","42.2444","2020-01-09T15-41-19-713.png","517.6707","2020-01-09T14-52-51-361.png","256.1810","2020-01-09T14-52-51-633.png"
"NVIDIA Quadro M6000 24GB","liquid formation","path_siny","39","1024 1024","0.9887","272.1807","2020-01-09T14-39-12-895.png","288.9973","2020-01-09T14-39-12-984.png","27.5563","2020-01-09T15-41-19-713.png","220.8817","2020-01-09T14-52-51-361.png","129.9804","2020-01-09T14-52-51-633.png"
"NVIDIA TITAN X (Pascal)","liquid formation","path_siny","39","1024 1024","0.9887","445.1290","2020-01-09T14-39-12-895.png","427.9503","2020-01-09T14-39-12-984.png","38.3469","2020-01-09T15-41-19-713.png","474.5386","2020-01-09T14-52-51-361.png","233.1002","2020-01-09T14-52-51-633.png"
"NVIDIA TITAN Xp","liquid formation","path_siny","39","1024 1024","0.9887","471.7938","2020-01-09T14-39-12-895.png","441.2070","2020-01-09T14-39-12-984.png","40.8732","2020-01-09T15-41-19-713.png","483.0988","2020-01-09T14-52-51-361.png","246.2994","2020-01-09T14-52-51-633.png"
"Radeon (TM) RX 480 Graphics","liquid formation","path_siny","39","1024 1024","0.9887","55.9087","2020-01-09T14-39-12-895.png","28.3597","2020-01-09T14-39-12-984.png","4.6245","2020-01-09T15-41-19-713.png","39.1939","2020-01-09T14-52-51-361.png","17.0101","2020-01-09T14-52-51-633.png"
"Radeon Vega Frontier Edition","liquid formation","path_siny","39","1024 1024","0.9887","268.1921","2020-01-09T14-39-12-895.png","133.2307","2020-01-09T14-39-12-984.png","20.6042","2020-01-09T15-41-19-713.png","312.3477","2020-01-09T14-52-51-361.png","76.9361","2020-01-09T14-52-51-633.png"
"NVIDIA GeForce GTX 1080 Ti","liquid formation","path_siny","39","2048 2048","0.9887","275.0895","2020-01-09T14-39-12-895.png","265.2745","2020-01-09T14-39-12-984.png","11.0674","2020-01-09T15-41-19-713.png","275.8857","2020-01-09T14-52-51-361.png","186.0119","2020-01-09T14-52-51-633.png"
"NVIDIA Quadro M6000 24GB","liquid formation","path_siny","39","2048 2048","0.9887","142.7277","2020-01-09T14-39-12-895.png","148.0861","2020-01-09T14-39-12-984.png","7.1781","2020-01-09T15-41-19-713.png","131.1326","2020-01-09T14-52-51-361.png","95.0923","2020-01-09T14-52-51-633.png"
"NVIDIA TITAN X (Pascal)","liquid formation","path_siny","39","2048 2048","0.9887","249.3784","2020-01-09T14-39-12-895.png","242.5330","2020-01-09T14-39-12-984.png","10.0226","2020-01-09T15-41-19-713.png","250.5933","2020-01-09T14-52-51-361.png","168.8271","2020-01-09T14-52-51-633.png"
"NVIDIA TITAN Xp","liquid formation","path_siny","39","2048 2048","0.9887","265.2984","2020-01-09T14-39-12-895.png","257.9806","2020-01-09T14-39-12-984.png","10.7066","2020-01-09T15-41-19-713.png","260.6250","2020-01-09T14-52-51-361.png","179.0215","2020-01-09T14-52-51-633.png"
"Radeon (TM) RX 480 Graphics","liquid formation","path_siny","39","2048 2048","0.9887","27.0043","2020-01-09T14-39-12-895.png","12.5081","2020-01-09T14-39-12-984.png","1.2399","2020-01-09T15-41-19-713.png","24.8223","2020-01-09T14-52-51-361.png","14.1820","2020-01-09T14-52-51-633.png"
"Radeon Vega Frontier Edition","liquid formation","path_siny","39","2048 2048","0.9887","171.7469","2020-01-09T14-39-12-895.png","56.8011","2020-01-09T14-39-12-984.png","5.5712","2020-01-09T15-41-19-713.png","180.6045","2020-01-09T14-52-51-361.png","71.1243","2020-01-09T14-52-51-633.png"
"NVIDIA GeForce GTX 1080 Ti","liquid formation","path_siny","39","512 512","0.9887","627.2070","2020-01-09T14-39-12-895.png","629.2276","2020-01-09T14-39-12-984.png","146.1612","2020-01-09T15-41-19-713.png","615.0478","2020-01-09T14-52-51-361.png","285.0042","2020-01-09T14-52-51-633.png"
"NVIDIA Quadro M6000 24GB","liquid formation","path_siny","39","512 512","0.9887","365.9719","2020-01-09T14-39-12-895.png","397.6791","2020-01-09T14-39-12-984.png","95.0354","2020-01-09T15-41-19-713.png","224.0414","2020-01-09T14-52-51-361.png","144.4726","2020-01-09T14-52-51-633.png"
"NVIDIA TITAN X (Pascal)","liquid formation","path_siny","39","512 512","0.9887","556.4459","2020-01-09T14-39-12-895.png","576.6580","2020-01-09T14-39-12-984.png","133.2832","2020-01-09T15-41-19-713.png","563.1836","2020-01-09T14-52-51-361.png","247.9913","2020-01-09T14-52-51-633.png"
"NVIDIA TITAN Xp","liquid formation","path_siny","39","512 512","0.9887","577.5006","2020-01-09T14-39-12-895.png","591.5305","2020-01-09T14-39-12-984.png","141.4079","2020-01-09T15-41-19-713.png","551.4199","2020-01-09T14-52-51-361.png","274.8620","2020-01-09T14-52-51-633.png"
"Radeon (TM) RX 480 Graphics","liquid formation","path_siny","39","512 512","0.9887","78.4400","2020-01-09T14-39-12-895.png","49.9303","2020-01-09T14-39-12-984.png","15.2729","2020-01-09T15-41-19-713.png","42.6947","2020-01-09T14-52-51-361.png","17.1068","2020-01-09T14-52-51-633.png"
"Radeon Vega Frontier Edition","liquid formation","path_siny","39","512 512","0.9887","303.0918","2020-01-09T14-39-12-895.png","258.7248","2020-01-09T14-39-12-984.png","69.4478","2020-01-09T15-41-19-713.png","383.5120","2020-01-09T14-52-51-361.png","77.3270","2020-01-09T14-52-51-633.png"
"NVIDIA GeForce GTX 1080 Ti","liquid formation","path_siny","49","1024 1024","0.9969","442.0827","2020-01-09T14-39-23-148.png","406.6462","2020-01-09T14-39-23-223.png","44.1503","2020-01-09T15-41-25-404.png","450.8993","2020-01-09T14-53-16-243.png","239.5617","2020-01-09T14-53-16-481.png"
"NVIDIA Quadro M6000 24GB","liquid formation","path_siny","49","1024 1024","0.9969","239.7886","2020-01-09T14-39-23-148.png","250.1970","2020-01-09T14-39-23-223.png","28.7675","2020-01-09T15-41-25-404.png","192.7376","2020-01-09T14-53-16-243.png","123.4604","2020-01-09T14-53-16-481.png"
"NVIDIA TITAN X (Pascal)","liquid formation","path_siny","49","1024 1024","0.9969","396.4981","2020-01-09T14-39-23-148.png","372.4534","2020-01-09T14-39-23-223.png","40.0667","2020-01-09T15-41-25-404.png","410.7603","2020-01-09T14-53-16-243.png","217.6970","2020-01-09T14-53-16-481.png"
"NVIDIA TITAN Xp","liquid formation","path_siny","49","1024 1024","0.9969","422.2081","2020-01-09T14-39-23-148.png","390.1708","2020-01-09T14-39-23-223.png","42.7314","2020-01-09T15-41-25-404.png","417.1568","2020-01-09T14-53-16-243.png","230.3511","2020-01-09T14-53-16-481.png"
"Radeon (TM) RX 480 Graphics","liquid formation","path_siny","49","1024 1024","0.9969","44.8982","2020-01-09T14-39-23-148.png","23.2238","2020-01-09T14-39-23-223.png","4.8261","2020-01-09T15-41-25-404.png","34.0815","2020-01-09T14-53-16-243.png","16.1549","2020-01-09T14-53-16-481.png"
"Radeon Vega Frontier Edition","liquid formation","path_siny","49","1024 1024","0.9969","232.8793","2020-01-09T14-39-23-148.png","103.7520","2020-01-09T14-39-23-223.png","20.7934","2020-01-09T15-41-25-404.png","267.7455","2020-01-09T14-53-16-243.png","74.8963","2020-01-09T14-53-16-481.png"
"NVIDIA GeForce GTX 1080 Ti","liquid formation","path_siny","49","2048 2048","0.9969","183.5014","2020-01-09T14-39-23-148.png","180.5621","2020-01-09T14-39-23-223.png","11.5631","2020-01-09T15-41-25-404.png","187.1527","2020-01-09T14-53-16-243.png","138.4311","2020-01-09T14-53-16-481.png"
"NVIDIA Quadro M6000 24GB","liquid formation","path_siny","49","2048 2048","0.9969","100.4048","2020-01-09T14-39-23-148.png","104.1686","2020-01-09T14-39-23-223.png","7.4864","2020-01-09T15-41-25-404.png","97.5381","2020-01-09T14-53-16-243.png","72.1407","2020-01-09T14-53-16-481.png"
"NVIDIA TITAN X (Pascal)","liquid formation","path_siny","49","2048 2048","0.9969","166.0572","2020-01-09T14-39-23-148.png","164.4331","2020-01-09T14-39-23-223.png","10.4754","2020-01-09T15-41-25-404.png","169.7816","2020-01-09T14-53-16-243.png","125.7814","2020-01-09T14-53-16-481.png"
"NVIDIA TITAN Xp","liquid formation","path_siny","49","2048 2048","0.9969","176.6444","2020-01-09T14-39-23-148.png","174.3551","2020-01-09T14-39-23-223.png","11.1827","2020-01-09T15-41-25-404.png","178.5960","2020-01-09T14-53-16-243.png","133.3285","2020-01-09T14-53-16-481.png"
"Radeon (TM) RX 480 Graphics","liquid formation","path_siny","49","2048 2048","0.9969","18.3474","2020-01-09T14-39-23-148.png","8.2972","2020-01-09T14-39-23-223.png","1.2601","2020-01-09T15-41-25-404.png","17.2635","2020-01-09T14-53-16-243.png","11.6247","2020-01-09T14-53-16-481.png"
"Radeon Vega Frontier Edition","liquid formation","path_siny","49","2048 2048","0.9969","116.9530","2020-01-09T14-39-23-148.png","38.2947","2020-01-09T14-39-23-223.png","5.6390","2020-01-09T15-41-25-404.png","121.0860","2020-01-09T14-53-16-243.png","61.1359","2020-01-09T14-53-16-481.png"
"NVIDIA GeForce GTX 1080 Ti","liquid formation","path_siny","49","512 512","0.9969","612.4974","2020-01-09T14-39-23-148.png","575.4005","2020-01-09T14-39-23-223.png","148.6083","2020-01-09T15-41-25-404.png","600.8243","2020-01-09T14-53-16-243.png","279.0615","2020-01-09T14-53-16-481.png"
"NVIDIA Quadro M6000 24GB","liquid formation","path_siny","49","512 512","0.9969","354.5395","2020-01-09T14-39-23-148.png","366.3178","2020-01-09T14-39-23-223.png","96.9274","2020-01-09T15-41-25-404.png","224.0274","2020-01-09T14-53-16-243.png","141.7398","2020-01-09T14-53-16-481.png"
"NVIDIA TITAN X (Pascal)","liquid formation","path_siny","49","512 512","0.9969","544.5111","2020-01-09T14-39-23-148.png","528.1672","2020-01-09T14-39-23-223.png","135.3160","2020-01-09T15-41-25-404.png","548.8233","2020-01-09T14-53-16-243.png","254.2543","2020-01-09T14-53-16-481.png"
"NVIDIA TITAN Xp","liquid formation","path_siny","49","512 512","0.9969","581.2872","2020-01-09T14-39-23-148.png","541.1812","2020-01-09T14-39-23-223.png","143.9085","2020-01-09T15-41-25-404.png","539.8344","2020-01-09T14-53-16-243.png","269.4024","2020-01-09T14-53-16-481.png"
"Radeon (TM) RX 480 Graphics","liquid formation","path_siny","49","512 512","0.9969","72.8603","2020-01-09T14-39-23-148.png","44.4741","2020-01-09T14-39-23-223.png","15.9958","2020-01-09T15-41-25-404.png","41.8468","2020-01-09T14-53-16-243.png","17.0943","2020-01-09T14-53-16-481.png"
"Radeon Vega Frontier Edition","liquid formation","path_siny","49","512 512","0.9969","294.2648","2020-01-09T14-39-23-148.png","215.4313","2020-01-09T14-39-23-223.png","68.9817","2020-01-09T15-41-25-404.png","358.4319","2020-01-09T14-53-16-243.png","77.2266","2020-01-09T14-53-16-481.png"
"NVIDIA GeForce GTX 1080 Ti","liquid formation","path_siny","59","1024 1024","0.9782","506.3855","2020-01-09T14-39-33-451.png","478.6338","2020-01-09T14-39-33-525.png","69.2209","2020-01-09T15-41-31-085.png","523.0645","2020-01-09T14-53-41-999.png","245.8706","2020-01-09T14-53-42-257.png"
"NVIDIA Quadro M6000 24GB","liquid formation","path_siny","59","1024 1024","0.9782","254.6071","2020-01-09T14-39-33-451.png","284.0861","2020-01-09T14-39-33-525.png","44.6345","2020-01-09T15-41-31-085.png","217.8939","2020-01-09T14-53-41-999.png","128.9674","2020-01-09T14-53-42-257.png"
"NVIDIA TITAN X (Pascal)","liquid formation","path_siny","59","1024 1024","0.9782","454.5331","2020-01-09T14-39-33-451.png","437.0419","2020-01-09T14-39-33-525.png","62.8480","2020-01-09T15-41-31-085.png","476.3788","2020-01-09T14-53-41-999.png","223.6246","2020-01-09T14-53-42-257.png"
"NVIDIA TITAN Xp","liquid formation","path_siny","59","1024 1024","0.9782","483.9264","2020-01-09T14-39-33-451.png","445.8176","2020-01-09T14-39-33-525.png","66.5642","2020-01-09T15-41-31-085.png","486.3364","2020-01-09T14-53-41-999.png","236.0556","2020-01-09T14-53-42-257.png"
"Radeon (TM) RX 480 Graphics","liquid formation","path_siny","59","1024 1024","0.9782","43.5755","2020-01-09T14-39-33-451.png","21.6804","2020-01-09T14-39-33-525.png","7.0128","2020-01-09T15-41-31-085.png","35.2460","2020-01-09T14-53-41-999.png","16.7642","2020-01-09T14-53-42-257.png"
"Radeon Vega Frontier Edition","liquid formation","path_siny","59","1024 1024","0.9782","233.4185","2020-01-09T14-39-33-451.png","100.9829","2020-01-09T14-39-33-525.png","30.0281","2020-01-09T15-41-31-085.png","270.3733","2020-01-09T14-53-41-999.png","76.5667","2020-01-09T14-53-42-257.png"
"NVIDIA GeForce GTX 1080 Ti","liquid formation","path_siny","59","2048 2048","0.9782","187.4759","2020-01-09T14-39-33-451.png","185.4995","2020-01-09T14-39-33-525.png","18.1832","2020-01-09T15-41-31-085.png","193.5003","2020-01-09T14-53-41-999.png","147.4613","2020-01-09T14-53-42-257.png"
"NVIDIA Quadro M6000 24GB","liquid formation","path_siny","59","2048 2048","0.9782","96.5960","2020-01-09T14-39-33-451.png","100.2333","2020-01-09T14-39-33-525.png","11.6393","2020-01-09T15-41-31-085.png","101.5735","2020-01-09T14-53-41-999.png","75.5441","2020-01-09T14-53-42-257.png"
"NVIDIA TITAN X (Pascal)","liquid formation","path_siny","59","2048 2048","0.9782","170.0319","2020-01-09T14-39-33-451.png","168.3003","2020-01-09T14-39-33-525.png","16.3572","2020-01-09T15-41-31-085.png","175.0130","2020-01-09T14-53-41-999.png","129.2113","2020-01-09T14-53-42-257.png"
"NVIDIA TITAN Xp","liquid formation","path_siny","59","2048 2048","0.9782","181.8890","2020-01-09T14-39-33-451.png","178.3059","2020-01-09T14-39-33-525.png","17.5652","2020-01-09T15-41-31-085.png","187.0669","2020-01-09T14-53-41-999.png","142.5336","2020-01-09T14-53-42-257.png"
"Radeon (TM) RX 480 Graphics","liquid formation","path_siny","59","2048 2048","0.9782","17.8787","2020-01-09T14-39-33-451.png","8.1713","2020-01-09T14-39-33-525.png","1.9198","2020-01-09T15-41-31-085.png","16.6336","2020-01-09T14-53-41-999.png","11.4433","2020-01-09T14-53-42-257.png"
"Radeon Vega Frontier Edition","liquid formation","path_siny","59","2048 2048","0.9782","110.9787","2020-01-09T14-39-33-451.png","38.4115","2020-01-09T14-39-33-525.png","8.4259","2020-01-09T15-41-31-085.png","117.4117","2020-01-09T14-53-41-999.png","64.2913","2020-01-09T14-53-42-257.png"
"NVIDIA GeForce GTX 1080 Ti","liquid formation","path_siny","59","512 512","0.9782","694.0829","2020-01-09T14-39-33-451.png","636.1971","2020-01-09T14-39-33-525.png","219.2550","2020-01-09T15-41-31-085.png","616.1278","2020-01-09T14-53-41-999.png","270.6778","2020-01-09T14-53-42-257.png"
"NVIDIA Quadro M6000 24GB","liquid formation","path_siny","59","512 512","0.9782","386.9280","2020-01-09T14-39-33-451.png","407.9185","2020-01-09T14-39-33-525.png","141.6035","2020-01-09T15-41-31-085.png","224.0184","2020-01-09T14-53-41-999.png","146.3936","2020-01-09T14-53-42-257.png"
"NVIDIA TITAN X (Pascal)","liquid formation","path_siny","59","512 512","0.9782","616.9184","2020-01-09T14-39-33-451.png","583.1958","2020-01-09T14-39-33-525.png","199.3215","2020-01-09T15-41-31-085.png","561.5643","2020-01-09T14-53-41-999.png","257.9500","2020-01-09T14-53-42-257.png"
"NVIDIA TITAN Xp","liquid formation","path_siny","59","512 512","0.9782","658.9612","2020-01-09T14-39-33-451.png","588.6439","2020-01-09T14-39-33-525.png","209.2939","2020-01-09T15-41-31-085.png","544.0844","2020-01-09T14-53-41-999.png","272.5546","2020-01-09T14-53-42-257.png"
"Radeon (TM) RX 480 Graphics","liquid formation","path_siny","59","512 512","0.9782","72.4496","2020-01-09T14-39-33-451.png","45.2315","2020-01-09T14-39-33-525.png","21.9396","2020-01-09T15-41-31-085.png","42.7062","2020-01-09T14-53-41-999.png","17.1163","2020-01-09T14-53-42-257.png"
"Radeon Vega Frontier Edition","liquid formation","path_siny","59","512 512","0.9782","299.1030","2020-01-09T14-39-33-451.png","205.2575","2020-01-09T14-39-33-525.png","92.4719","2020-01-09T15-41-31-085.png","381.5716","2020-01-09T14-53-41-999.png","77.3090","2020-01-09T14-53-42-257.png"
"NVIDIA GeForce GTX 1080 Ti","liquid formation","path_siny","69","1024 1024","0.9054","471.6558","2020-01-09T14-39-44-934.png","480.7091","2020-01-09T14-39-45-002.png","7.4684","2020-01-09T15-41-38-050.png","397.2999","2020-01-09T14-54-09-074.png","243.9090","2020-01-09T14-54-09-288.png"
"NVIDIA Quadro M6000 24GB","liquid formation","path_siny","69","1024 1024","0.9054","257.7393","2020-01-09T14-39-44-934.png","256.1436","2020-01-09T14-39-45-002.png","4.8710","2020-01-09T15-41-38-050.png","177.7089","2020-01-09T14-54-09-074.png","128.3226","2020-01-09T14-54-09-288.png"
"NVIDIA TITAN X (Pascal)","liquid formation","path_siny","69","1024 1024","0.9054","419.5000","2020-01-09T14-39-44-934.png","436.6507","2020-01-09T14-39-45-002.png","6.7567","2020-01-09T15-41-38-050.png","361.7565","2020-01-09T14-54-09-074.png","222.3329","2020-01-09T14-54-09-288.png"
"NVIDIA TITAN Xp","liquid formation","path_siny","69","1024 1024","0.9054","446.9394","2020-01-09T14-39-44-934.png","461.1929","2020-01-09T14-39-45-002.png","7.2300","2020-01-09T15-41-38-050.png","371.7403","2020-01-09T14-54-09-074.png","238.1009","2020-01-09T14-54-09-288.png"
"Radeon (TM) RX 480 Graphics","liquid formation","path_siny","69","1024 1024","0.9054","40.7201","2020-01-09T14-39-44-934.png","23.5056","2020-01-09T14-39-45-002.png","0.9703","2020-01-09T15-41-38-050.png","28.9689","2020-01-09T14-54-09-074.png","14.7896","2020-01-09T14-54-09-288.png"
"Radeon Vega Frontier Edition","liquid formation","path_siny","69","1024 1024","0.9054","196.4922","2020-01-09T14-39-44-934.png","110.5778","2020-01-09T14-39-45-002.png","3.9869","2020-01-09T15-41-38-050.png","229.8576","2020-01-09T14-54-09-074.png","70.8311","2020-01-09T14-54-09-288.png"
"NVIDIA GeForce GTX 1080 Ti","liquid formation","path_siny","69","2048 2048","0.9054","155.8421","2020-01-09T14-39-44-934.png","156.7280","2020-01-09T14-39-45-002.png","1.8722","2020-01-09T15-41-38-050.png","150.7743","2020-01-09T14-54-09-074.png","122.9695","2020-01-09T14-54-09-288.png"
"NVIDIA Quadro M6000 24GB","liquid formation","path_siny","69","2048 2048","0.9054","92.0107","2020-01-09T14-39-44-934.png","91.9067","2020-01-09T14-39-45-002.png","1.2216","2020-01-09T15-41-38-050.png","81.2334","2020-01-09T14-54-09-074.png","67.5147","2020-01-09T14-54-09-288.png"
"NVIDIA TITAN X (Pascal)","liquid formation","path_siny","69","2048 2048","0.9054","140.8266","2020-01-09T14-39-44-934.png","141.5228","2020-01-09T14-39-45-002.png","1.6952","2020-01-09T15-41-38-050.png","136.2879","2020-01-09T14-54-09-074.png","111.7626","2020-01-09T14-54-09-288.png"
"NVIDIA TITAN Xp","liquid formation","path_siny","69","2048 2048","0.9054","150.0902","2020-01-09T14-39-44-934.png","151.4527","2020-01-09T14-39-45-002.png","1.8138","2020-01-09T15-41-38-050.png","143.1385","2020-01-09T14-54-09-074.png","119.5532","2020-01-09T14-54-09-288.png"
"Radeon (TM) RX 480 Graphics","liquid formation","path_siny","69","2048 2048","0.9054","15.4879","2020-01-09T14-39-44-934.png","7.5626","2020-01-09T14-39-45-002.png","0.2382","2020-01-09T15-41-38-050.png","13.4773","2020-01-09T14-54-09-074.png","9.3027","2020-01-09T14-54-09-288.png"
"Radeon Vega Frontier Edition","liquid formation","path_siny","69","2048 2048","0.9054","91.3467","2020-01-09T14-39-44-934.png","35.1866","2020-01-09T14-39-45-002.png","1.0033","2020-01-09T15-41-38-050.png","97.5496","2020-01-09T14-54-09-074.png","50.0811","2020-01-09T14-54-09-288.png"
"NVIDIA GeForce GTX 1080 Ti","liquid formation","path_siny","69","512 512","0.9054","745.7511","2020-01-09T14-39-44-934.png","863.4535","2020-01-09T14-39-45-002.png","29.5307","2020-01-09T15-41-38-050.png","611.1162","2020-01-09T14-54-09-074.png","267.8452","2020-01-09T14-54-09-288.png"
"NVIDIA Quadro M6000 24GB","liquid formation","path_siny","69","512 512","0.9054","428.7723","2020-01-09T14-39-44-934.png","457.4942","2020-01-09T14-39-45-002.png","19.2991","2020-01-09T15-41-38-050.png","224.0103","2020-01-09T14-54-09-074.png","157.0786","2020-01-09T14-54-09-288.png"
"NVIDIA TITAN X (Pascal)","liquid formation","path_siny","69","512 512","0.9054","678.4122","2020-01-09T14-39-44-934.png","791.0579","2020-01-09T14-39-45-002.png","26.6719","2020-01-09T15-41-38-050.png","559.0402","2020-01-09T14-54-09-074.png","269.3617","2020-01-09T14-54-09-288.png"
"NVIDIA TITAN Xp","liquid formation","path_siny","69","512 512","0.9054","688.4492","2020-01-09T14-39-44-934.png","823.8318","2020-01-09T14-39-45-002.png","28.5315","2020-01-09T15-41-38-050.png","552.5106","2020-01-09T14-54-09-074.png","285.8368","2020-01-09T14-54-09-288.png"
"Radeon (TM) RX 480 Graphics","liquid formation","path_siny","69","512 512","0.9054","69.8183","2020-01-09T14-39-44-934.png","51.9761","2020-01-09T14-39-45-002.png","3.8006","2020-01-09T15-41-38-050.png","40.2813","2020-01-09T14-54-09-074.png","16.9708","2020-01-09T14-54-09-288.png"
"Radeon Vega Frontier Edition","liquid formation","path_siny","69","512 512","0.9054","279.2485","2020-01-09T14-39-44-934.png","252.5769","2020-01-09T14-39-45-002.png","15.5831","2020-01-09T15-41-38-050.png","356.1723","2020-01-09T14-54-09-074.png","76.8090","2020-01-09T14-54-09-288.png"
"NVIDIA GeForce GTX 1080 Ti","liquid formation","path_siny","79","1024 1024","0.9852","822.7473","2020-01-09T14-39-56-051.png","966.8936","2020-01-09T14-39-56-105.png","822.8218","2020-01-09T15-41-46-610.png","617.6881","2020-01-09T14-54-35-542.png","316.4497","2020-01-09T14-54-35-738.png"
"NVIDIA Quadro M6000 24GB","liquid formation","path_siny","79","1024 1024","0.9852","508.2385","2020-01-09T14-39-56-051.png","508.7453","2020-01-09T14-39-56-105.png","470.6635","2020-01-09T15-41-46-610.png","223.9195","2020-01-09T14-54-35-542.png","168.6005","2020-01-09T14-54-35-738.png"
"NVIDIA TITAN X (Pascal)","liquid formation","path_siny","79","1024 1024","0.9852","752.3605","2020-01-09T14-39-56-051.png","885.0027","2020-01-09T14-39-56-105.png","769.5919","2020-01-09T15-41-46-610.png","565.4669","2020-01-09T14-54-35-542.png","259.6560","2020-01-09T14-54-35-738.png"
"NVIDIA TITAN Xp","liquid formation","path_siny","79","1024 1024","0.9852","743.7654","2020-01-09T14-39-56-051.png","914.9047","2020-01-09T14-39-56-105.png","808.4140","2020-01-09T15-41-46-610.png","555.1793","2020-01-09T14-54-35-542.png","306.5651","2020-01-09T14-54-35-738.png"
"Radeon (TM) RX 480 Graphics","liquid formation","path_siny","79","1024 1024","0.9852","85.2348","2020-01-09T14-39-56-051.png","84.7896","2020-01-09T14-39-56-105.png","72.8337","2020-01-09T15-41-46-610.png","42.7369","2020-01-09T14-54-35-542.png","17.1197","2020-01-09T14-54-35-738.png"
"Radeon Vega Frontier Edition","liquid formation","path_siny","79","1024 1024","0.9852","307.4048","2020-01-09T14-39-56-051.png","415.2186","2020-01-09T14-39-56-105.png","347.5166","2020-01-09T15-41-46-610.png","408.2499","2020-01-09T14-54-35-542.png","77.3437","2020-01-09T14-54-35-738.png"
"NVIDIA GeForce GTX 1080 Ti","liquid formation","path_siny","79","2048 2048","0.9852","822.0304","2020-01-09T14-39-56-051.png","959.7666","2020-01-09T14-39-56-105.png","532.6686","2020-01-09T15-41-46-610.png","616.9070","2020-01-09T14-54-35-542.png","299.4945","2020-01-09T14-54-35-738.png"
"NVIDIA Quadro M6000 24GB","liquid formation","path_siny","79","2048 2048","0.9852","507.5988","2020-01-09T14-39-56-051.png","505.9244","2020-01-09T14-39-56-105.png","298.1177","2020-01-09T15-41-46-610.png","223.6976","2020-01-09T14-54-35-542.png","167.3478","2020-01-09T14-54-35-738.png"
"NVIDIA TITAN X (Pascal)","liquid formation","path_siny","79","2048 2048","0.9852","751.3487","2020-01-09T14-39-56-051.png","878.6729","2020-01-09T14-39-56-105.png","483.7040","2020-01-09T15-41-46-610.png","557.5628","2020-01-09T14-54-35-542.png","259.0137","2020-01-09T14-54-35-738.png"
"NVIDIA TITAN Xp","liquid formation","path_siny","79","2048 2048","0.9852","743.1960","2020-01-09T14-39-56-051.png","908.8513","2020-01-09T14-39-56-105.png","504.6835","2020-01-09T15-41-46-610.png","553.2932","2020-01-09T14-54-35-542.png","306.5275","2020-01-09T14-54-35-738.png"
"Radeon (TM) RX 480 Graphics","liquid formation","path_siny","79","2048 2048","0.9852","84.9235","2020-01-09T14-39-56-051.png","84.1567","2020-01-09T14-39-56-105.png","50.3337","2020-01-09T15-41-46-610.png","42.6305","2020-01-09T14-54-35-542.png","17.1059","2020-01-09T14-54-35-738.png"
"Radeon Vega Frontier Edition","liquid formation","path_siny","79","2048 2048","0.9852","306.7626","2020-01-09T14-39-56-051.png","414.4545","2020-01-09T14-39-56-105.png","227.9291","2020-01-09T15-41-46-610.png","408.7689","2020-01-09T14-54-35-542.png","77.3168","2020-01-09T14-54-35-738.png"
"NVIDIA GeForce GTX 1080 Ti","liquid formation","path_siny","79","512 512","0.9852","823.4112","2020-01-09T14-39-56-051.png","970.8172","2020-01-09T14-39-56-105.png","933.1666","2020-01-09T15-41-46-610.png","617.6881","2020-01-09T14-54-35-542.png","284.3801","2020-01-09T14-54-35-738.png"
"NVIDIA Quadro M6000 24GB","liquid formation","path_siny","79","512 512","0.9852","508.3858","2020-01-09T14-39-56-051.png","510.9392","2020-01-09T14-39-56-105.png","496.6945","2020-01-09T15-41-46-610.png","224.0113","2020-01-09T14-54-35-542.png","168.7075","2020-01-09T14-54-35-738.png"
"NVIDIA TITAN X (Pascal)","liquid formation","path_siny","79","512 512","0.9852","751.4898","2020-01-09T14-39-56-051.png","886.9809","2020-01-09T14-39-56-105.png","852.9148","2020-01-09T15-41-46-610.png","566.2963","2020-01-09T14-54-35-542.png","259.4155","2020-01-09T14-54-35-738.png"
"NVIDIA TITAN Xp","liquid formation","path_siny","79","512 512","0.9852","743.7654","2020-01-09T14-39-56-051.png","919.5487","2020-01-09T14-39-56-105.png","891.0512","2020-01-09T15-41-46-610.png","555.8118","2020-01-09T14-54-35-542.png","307.1989","2020-01-09T14-54-35-738.png"
"Radeon (TM) RX 480 Graphics","liquid formation","path_siny","79","512 512","0.9852","85.3060","2020-01-09T14-39-56-051.png","84.7436","2020-01-09T14-39-56-105.png","81.6713","2020-01-09T15-41-46-610.png","42.6842","2020-01-09T14-54-35-542.png","17.1228","2020-01-09T14-54-35-738.png"
"Radeon Vega Frontier Edition","liquid formation","path_siny","79","512 512","0.9852","307.1253","2020-01-09T14-39-56-051.png","415.2065","2020-01-09T14-39-56-105.png","399.3722","2020-01-09T15-41-46-610.png","410.2345","2020-01-09T14-54-35-542.png","77.3317","2020-01-09T14-54-35-738.png"
"NVIDIA GeForce GTX 1080 Ti","liquid formation","path_siny","89","1024 1024","0.9967","823.4383","2020-01-09T14-40-08-252.png","970.2991","2020-01-09T14-40-08-302.png","915.2397","2020-01-09T15-41-53-237.png","616.6445","2020-01-09T14-55-04-268.png","316.3015","2020-01-09T14-55-04-458.png"
"NVIDIA Quadro M6000 24GB","liquid formation","path_siny","89","1024 1024","0.9967","508.4143","2020-01-09T14-40-08-252.png","509.7957","2020-01-09T14-40-08-302.png","483.2365","2020-01-09T15-41-53-237.png","223.7161","2020-01-09T14-55-04-268.png","167.4509","2020-01-09T14-55-04-458.png"
"NVIDIA TITAN X (Pascal)","liquid formation","path_siny","89","1024 1024","0.9967","751.7780","2020-01-09T14-40-08-252.png","886.1713","2020-01-09T14-40-08-302.png","835.3940","2020-01-09T15-41-53-237.png","565.1410","2020-01-09T14-55-04-268.png","288.0334","2020-01-09T14-55-04-458.png"
"NVIDIA TITAN Xp","liquid formation","path_siny","89","1024 1024","0.9967","743.8096","2020-01-09T14-40-08-252.png","918.2905","2020-01-09T14-40-08-302.png","867.2876","2020-01-09T15-41-53-237.png","555.1793","2020-01-09T14-55-04-268.png","306.9613","2020-01-09T14-55-04-458.png"
"Radeon (TM) RX 480 Graphics","liquid formation","path_siny","89","1024 1024","0.9967","85.2021","2020-01-09T14-40-08-252.png","84.7479","2020-01-09T14-40-08-302.png","81.8009","2020-01-09T15-41-53-237.png","42.7182","2020-01-09T14-55-04-268.png","17.1166","2020-01-09T14-55-04-458.png"
"Radeon Vega Frontier Edition","liquid formation","path_siny","89","1024 1024","0.9967","307.1885","2020-01-09T14-40-08-252.png","414.9756","2020-01-09T14-40-08-302.png","398.1589","2020-01-09T15-41-53-237.png","410.9713","2020-01-09T14-55-04-268.png","77.4102","2020-01-09T14-55-04-458.png"
"NVIDIA GeForce GTX 1080 Ti","liquid formation","path_siny","89","2048 2048","0.9967","823.0859","2020-01-09T14-40-08-252.png","967.8949","2020-01-09T14-40-08-302.png","783.5026","2020-01-09T15-41-53-237.png","616.1278","2020-01-09T14-55-04-268.png","299.3295","2020-01-09T14-55-04-458.png"
"NVIDIA Quadro M6000 24GB","liquid formation","path_siny","89","2048 2048","0.9967","507.8694","2020-01-09T14-40-08-252.png","508.7091","2020-01-09T14-40-08-302.png","425.4215","2020-01-09T15-41-53-237.png","223.5606","2020-01-09T14-55-04-268.png","168.6750","2020-01-09T14-55-04-458.png"
"NVIDIA TITAN X (Pascal)","liquid formation","path_siny","89","2048 2048","0.9967","751.7780","2020-01-09T14-40-08-252.png","882.9788","2020-01-09T14-40-08-302.png","715.4406","2020-01-09T15-41-53-237.png","564.6496","2020-01-09T14-55-04-268.png","259.2783","2020-01-09T14-55-04-458.png"
"NVIDIA TITAN Xp","liquid formation","path_siny","89","2048 2048","0.9967","743.7654","2020-01-09T14-40-08-252.png","915.6671","2020-01-09T14-40-08-302.png","745.1842","2020-01-09T15-41-53-237.png","554.5512","2020-01-09T14-55-04-268.png","306.9490","2020-01-09T14-55-04-458.png"
"Radeon (TM) RX 480 Graphics","liquid formation","path_siny","89","2048 2048","0.9967","84.9834","2020-01-09T14-40-08-252.png","84.4302","2020-01-09T14-40-08-302.png","72.8937","2020-01-09T15-41-53-237.png","42.6396","2020-01-09T14-55-04-268.png","17.1090","2020-01-09T14-55-04-458.png"
"Radeon Vega Frontier Edition","liquid formation","path_siny","89","2048 2048","0.9967","305.6786","2020-01-09T14-40-08-252.png","415.0773","2020-01-09T14-40-08-302.png","351.2519","2020-01-09T15-41-53-237.png","409.1653","2020-01-09T14-55-04-268.png","77.4138","2020-01-09T14-55-04-458.png"
"NVIDIA GeForce GTX 1080 Ti","liquid formation","path_siny","89","512 512","0.9967","823.4112","2020-01-09T14-40-08-252.png","969.4150","2020-01-09T14-40-08-302.png","952.8892","2020-01-09T15-41-53-237.png","616.9070","2020-01-09T14-55-04-268.png","316.2585","2020-01-09T14-55-04-458.png"
"NVIDIA Quadro M6000 24GB","liquid formation","path_siny","89","512 512","0.9967","508.4479","2020-01-09T14-40-08-252.png","510.1364","2020-01-09T14-40-08-302.png","500.6734","2020-01-09T15-41-53-237.png","223.7512","2020-01-09T14-55-04-268.png","168.7063","2020-01-09T14-55-04-458.png"
"NVIDIA TITAN X (Pascal)","liquid formation","path_siny","89","512 512","0.9967","752.4115","2020-01-09T14-40-08-252.png","887.0517","2020-01-09T14-40-08-302.png","870.7767","2020-01-09T15-41-53-237.png","565.1442","2020-01-09T14-55-04-268.png","259.3812","2020-01-09T14-55-04-458.png"
"NVIDIA TITAN Xp","liquid formation","path_siny","89","512 512","0.9967","743.7654","2020-01-09T14-40-08-252.png","917.9196","2020-01-09T14-40-08-302.png","903.4240","2020-01-09T15-41-53-237.png","555.4907","2020-01-09T14-55-04-268.png","273.0890","2020-01-09T14-55-04-458.png"
"Radeon (TM) RX 480 Graphics","liquid formation","path_siny","89","512 512","0.9967","85.2966","2020-01-09T14-40-08-252.png","84.6582","2020-01-09T14-40-08-302.png","84.0590","2020-01-09T15-41-53-237.png","42.7595","2020-01-09T14-55-04-268.png","17.1250","2020-01-09T14-55-04-458.png"
"Radeon Vega Frontier Edition","liquid formation","path_siny","89","512 512","0.9967","307.0697","2020-01-09T14-40-08-252.png","415.0652","2020-01-09T14-40-08-302.png","411.5972","2020-01-09T15-41-53-237.png","409.2892","2020-01-09T14-55-04-268.png","77.2923","2020-01-09T14-55-04-458.png"
"NVIDIA GeForce GTX 1080 Ti","liquid formation","path_siny","99","1024 1024",\N,"822.7135","2020-01-09T14-40-18-987.png","973.1602","2020-01-09T14-40-19-036.png","969.7722","2020-01-09T15-42-09-624.png","618.4674","2020-01-09T14-55-29-800.png","316.4497","2020-01-09T14-55-29-984.png"
"NVIDIA Quadro M6000 24GB","liquid formation","path_siny","99","1024 1024",\N,"508.4970","2020-01-09T14-40-18-987.png","512.0485","2020-01-09T14-40-19-036.png","507.6065","2020-01-09T15-42-09-624.png","224.1479","2020-01-09T14-55-29-800.png","168.6483","2020-01-09T14-55-29-984.png"
"NVIDIA TITAN X (Pascal)","liquid formation","path_siny","99","1024 1024",\N,"752.3662","2020-01-09T14-40-18-987.png","890.2104","2020-01-09T14-40-19-036.png","888.2730","2020-01-09T15-42-09-624.png","567.1088","2020-01-09T14-55-29-800.png","259.0714","2020-01-09T14-55-29-984.png"
"NVIDIA TITAN Xp","liquid formation","path_siny","99","1024 1024",\N,"743.7930","2020-01-09T14-40-18-987.png","921.7185","2020-01-09T14-40-19-036.png","920.4204","2020-01-09T15-42-09-624.png","556.7619","2020-01-09T14-55-29-800.png","289.2246","2020-01-09T14-55-29-984.png"
"Radeon (TM) RX 480 Graphics","liquid formation","path_siny","99","1024 1024",\N,"85.2290","2020-01-09T14-40-18-987.png","84.7644","2020-01-09T14-40-19-036.png","84.7407","2020-01-09T15-42-09-624.png","42.6065","2020-01-09T14-55-29-800.png","17.1236","2020-01-09T14-55-29-984.png"
"Radeon Vega Frontier Edition","liquid formation","path_siny","99","1024 1024",\N,"306.4073","2020-01-09T14-40-18-987.png","415.2703","2020-01-09T14-40-19-036.png","415.3341","2020-01-09T15-42-09-624.png","409.3512","2020-01-09T14-55-29-800.png","77.3748","2020-01-09T14-55-29-984.png"
"NVIDIA GeForce GTX 1080 Ti","liquid formation","path_siny","99","2048 2048",\N,"822.1521","2020-01-09T14-40-18-987.png","966.8936","2020-01-09T14-40-19-036.png","970.7418","2020-01-09T15-42-09-624.png","618.4674","2020-01-09T14-55-29-800.png","315.6825","2020-01-09T14-55-29-984.png"
"NVIDIA Quadro M6000 24GB","liquid formation","path_siny","99","2048 2048",\N,"508.2489","2020-01-09T14-40-18-987.png","512.0695","2020-01-09T14-40-19-036.png","507.4365","2020-01-09T15-42-09-624.png","224.1469","2020-01-09T14-55-29-800.png","168.7761","2020-01-09T14-55-29-984.png"
"NVIDIA TITAN X (Pascal)","liquid formation","path_siny","99","2048 2048",\N,"753.2673","2020-01-09T14-40-18-987.png","890.2262","2020-01-09T14-40-19-036.png","888.2020","2020-01-09T15-42-09-624.png","566.5016","2020-01-09T14-55-29-800.png","259.0439","2020-01-09T14-55-29-984.png"
"NVIDIA TITAN Xp","liquid formation","path_siny","99","2048 2048",\N,"743.7709","2020-01-09T14-40-18-987.png","921.7864","2020-01-09T14-40-19-036.png","920.4204","2020-01-09T15-42-09-624.png","556.6379","2020-01-09T14-55-29-800.png","273.0115","2020-01-09T14-55-29-984.png"
"Radeon (TM) RX 480 Graphics","liquid formation","path_siny","99","2048 2048",\N,"84.9012","2020-01-09T14-40-18-987.png","84.4630","2020-01-09T14-40-19-036.png","84.5094","2020-01-09T15-42-09-624.png","42.6361","2020-01-09T14-55-29-800.png","17.1150","2020-01-09T14-55-29-984.png"
"Radeon Vega Frontier Edition","liquid formation","path_siny","99","2048 2048",\N,"307.1112","2020-01-09T14-40-18-987.png","415.1290","2020-01-09T14-40-19-036.png","415.1290","2020-01-09T15-42-09-624.png","409.5625","2020-01-09T14-55-29-800.png","77.4941","2020-01-09T14-55-29-984.png"
"NVIDIA GeForce GTX 1080 Ti","liquid formation","path_siny","99","512 512",\N,"822.2061","2020-01-09T14-40-18-987.png","972.6680","2020-01-09T14-40-19-036.png","970.7418","2020-01-09T15-42-09-624.png","618.4674","2020-01-09T14-55-29-800.png","316.3466","2020-01-09T14-55-29-984.png"
"NVIDIA Quadro M6000 24GB","liquid formation","path_siny","99","512 512",\N,"504.6478","2020-01-09T14-40-18-987.png","511.8467","2020-01-09T14-40-19-036.png","507.3464","2020-01-09T15-42-09-624.png","224.1469","2020-01-09T14-55-29-800.png","168.6964","2020-01-09T14-55-29-984.png"
"NVIDIA TITAN X (Pascal)","liquid formation","path_siny","99","512 512",\N,"752.1172","2020-01-09T14-40-18-987.png","889.4107","2020-01-09T14-40-19-036.png","888.2020","2020-01-09T15-42-09-624.png","567.1088","2020-01-09T14-55-29-800.png","288.0832","2020-01-09T14-55-29-984.png"
"NVIDIA TITAN Xp","liquid formation","path_siny","99","512 512",\N,"743.7654","2020-01-09T14-40-18-987.png","921.3363","2020-01-09T14-40-19-036.png","919.5910","2020-01-09T15-42-09-624.png","556.7619","2020-01-09T14-55-29-800.png","273.1263","2020-01-09T14-55-29-984.png"
"Radeon (TM) RX 480 Graphics","liquid formation","path_siny","99","512 512",\N,"85.2922","2020-01-09T14-40-18-987.png","84.8925","2020-01-09T14-40-19-036.png","84.7846","2020-01-09T15-42-09-624.png","42.7797","2020-01-09T14-55-29-800.png","17.1223","2020-01-09T14-55-29-984.png"
"Radeon Vega Frontier Edition","liquid formation","path_siny","99","512 512",\N,"306.2337","2020-01-09T14-40-18-987.png","415.1807","2020-01-09T14-40-19-036.png","415.1290","2020-01-09T15-42-09-624.png","409.6245","2020-01-09T14-55-29-800.png","77.2076","2020-01-09T14-55-29-984.png"
